"名称","Exa类别","查询ID","requestId","收录状态","相似度","证据强度","匹配结果数","总结果数","渠道标签","增长信号","渠道原文/判断","下一步校验","证据"
"Conversation Exchange","company","conversation_exchange_growth","0b6939bac9a22c8554ac0d2c721e07de","主表语言产品","高度相似","usable","1","8","SEO / 官网自然流量 | 附近/线下场景","Exa company highlight 返回 face-to-face conversation、correspondence、text and voice chat。","老牌 SEO、语言学习社区。","可作为展示备选；下一轮优先补独立增长数字和社媒活跃度。","官网: https://conversationexchange.com/"
"SewaYou","company","sewayou_growth","f1987d2f8e06f8cd64d87236c3369053","主表语言产品","高度相似","usable","1","8","SEO / 官网自然流量 | 社媒/社区 | 附近/线下场景 | 规模/增长口径","Exa company 结果返回 map-based friendship / in-person practice。","SEO 对比文、地图附近的人、语言学习场景。","可作为展示备选；下一轮优先补独立增长数字和社媒活跃度。","官网: https://sewayou.com/"
"Talk4Now","company","talk4now_growth","5dcfc14c778552d6f86577a4bb4a7869","主表语言产品","相邻变体","usable","1","8","SEO / 官网自然流量","Exa company 结果返回 2026 年成立、面向全球真人口语练习和多人语言房间。","语言房间、全球 learner/native speaker matching、官网 SEO。","可作为展示备选；下一轮优先补独立增长数字和社媒活跃度。","官网: https://talk4now.com/"
"meeTalk","company","meetalk_growth","4f905888d58d0cb92ef7b36971befb09","主表语言产品","边界/待补","strong","3","8","社媒/社区 | AI/翻译增强","Exa company 结果返回 native speaker matching、international friends、culture exploration。","全球聊天、兴趣/语言匹配、跨文化交友。","可展示为语言交换相邻产品；下一轮补留存、收入或城市/国家覆盖口径。","官网: https://quiksa.com/ | 官网: https://meetalk.com/ | 官网: https://gomeetalk.com/"
"LangPal","company","langpal_growth","e57ef102ae1a2b5e182fb2a6d8782adc","主表语言产品","相邻变体","usable","1","8","SEO / 官网自然流量 | AI/翻译增强 | 规模/增长口径","Exa company 结果返回 AI-powered language learning、real-world fluency、conversation-based practice。","AI tutor/partner、会话式学习、应用商店/官网。","可作为展示备选；下一轮优先补独立增长数字和社媒活跃度。","官网: https://lang-pal.com/"
"MatchaLingua","company","matchalingua_growth","017df393ee13d80f9f82c2e1032fc6e5","主表语言产品","相邻变体","usable","1","8","社媒/社区 | 附近/线下场景","Exa company 结果返回 2026 年成立、near you language partners、in-person or virtual practice sessions。","本地语伴、文化发现、nearby discovery。","可作为展示备选；下一轮优先补独立增长数字和社媒活跃度。","官网: https://matchalingua.com/"
"RoamChat","news","roamchat_growth","3833d5de210f95967a3066c61e2c9e8a","主表语言产品","高度相似","strong","6","8","App Store / iOS | Google Play / Android | SEO / 官网自然流量 | 社媒/社区 | PR / 媒体发布 | 附近/线下场景 | AI/翻译增强","2026-05 monitor 新增：PR Newswire 与 Exa follow-up 返回 RoamChat launched AI-powered roaming social，主打 global strangers real-time conversation。","PR Newswire 上线新闻、官网 SEO、实时地图和翻译场景。","可展示为语言交换相邻产品；下一轮补留存、收入或城市/国家覆盖口径。","官网: https://roamchat.co/ | As AI Is Redefining How Strangers Connect Globally, RoamChat Introduces a New ""Roaming Social"" Platform: https://www.prnewswire.com/news-releases/as-ai-is-redefining-how-strangers-connect-globally-roamchat-introduces-a-new-roaming-social-platform-302775994.html | 官网: https://briefglance.com/articles/roamchats-ai-babel-fish-aims-to-connect-a-world-of-strangers | 官网: https://www.billhartzer.com/social-media/roamchat-launches-globalmap/ | 官网: https://moneycompass.com.my/as-ai-is-redefining-how-strangers-connect-globally-roamchat-introduces-a-new-roaming-social-platform/"
"SpeakyParrot","company","speakyparrot_growth","75c6bd3e18e3c8ad9d0173e06b6d6ddd","主表语言产品","相邻变体","usable","1","8","SEO / 官网自然流量","Exa discovery company 结果显示 2024 年成立、提供互动练习和 native speaker live sessions。","官网 SEO、互动练习、native speaker live sessions。","可作为展示备选；下一轮优先补独立增长数字和社媒活跃度。","官网: https://speakyparrot.com/"
"Fluently","company","fluently_growth","94fba08f31a2a0b6bc14d632c67ea697","主表语言产品","相邻变体","strong","3","8","SEO / 官网自然流量 | AI/翻译增强","Exa discovery company 结果显示提供 live language exchange、free membership / early access 和 native speakers。","官网、early access、native speaker live exchange。","可展示为语言交换相邻产品；下一轮补留存、收入或城市/国家覆盖口径。","官网: https://fluently.chat/ | 官网: https://getfluently.app/ | 官网: https://fluently.academy/"
"Lingbe","company","lingbe_growth","dc5c46d8821790ee8c4129a4407b029c","主表语言产品","相邻变体","usable","1","8","SEO / 官网自然流量 | 规模/增长口径","Exa discovery company 结果显示可随时与 native speakers 练习，并通过 rewards / special features 激励互动。","应用/官网、语言练习社区、奖励机制、native speaker matching。","可作为展示备选；下一轮优先补独立增长数字和社媒活跃度。","官网: https://lingbe.com/"
"Slowly","company","slowly_growth","bb47e07f4c1d08d5021887ea7a4f4668","主表语言产品","相邻变体","usable","1","8","Google Play / Android | PR / 媒体发布 | 规模/增长口径","Exa news 结果返回 Google Play：以数字笔友和跨文化慢通信建立更深连接。","应用商店、笔友文化、慢社交。","可作为展示备选；下一轮优先补独立增长数字和社媒活跃度。","官网: https://slowly.app/"
"LingoPraxis","company","lingopraxis_growth","97cfccb26695c1a7836784e488a780da","语言长尾留档","边界/待补","usable","1","8","官网/自然发现","targeted Exa 结果显示存在语言交换/语伴相关产品证据，仍需继续补规模和留存。","targeted Exa 以官网、商店、社媒、PR 和搜索结果补渠道证据。","可作为展示备选；下一轮优先补独立增长数字和社媒活跃度。","官网: https://lingopraxis.com/"
