"名称","相似度","相似度分","证据准备度","官方证据状态","官网数","App Store数","Google Play数","LinkedIn数","社媒/社区数","增长信号","渠道","功能差异","IRL模式","证据等级","缺口","下一步校验","证据"
"HelloTalk","基准产品","8","displayable","可展示但待补","4","2","3","0","0","腾讯新闻/大数跨境结果提到 6000 万用户、200+ 国家和地区、96% 自然增长。","自然增长、内容社区、留学生场景、应用商店。","语言交换 + Moments + Topics + Voiceroom/Live + AI 辅助。","低","B 可展示","补 LinkedIn/团队页 | 补社区/社媒","补 LinkedIn/团队页；补社区/社媒","腾讯新闻: https://news.qq.com/rain/a/20250619A08BA600 | Google Play: https://play.google.com/store/apps/details?hl=en_US&id=com.hellotalk | 官网: https://www.hellotalk.com/en/ | 官网: https://www.hellotalk.com/en/ambassadors | 官网: https://www.hellotalk.com/en/download | 官网: https://www.sewayou.com/blog/hellotalk-vs-tandem-honest-comparison"
"Tandem","基准产品","7","displayable","可展示但待补","5","2","2","0","0","Exa company 结果返回 Berlin 团队、员工增长和 native speaker matching 定位。","SEO、应用商店、语言学习社区。","文字、音频、视频语言伙伴；更偏互助学习社区。","低","B 可展示","补 LinkedIn/团队页 | 补社区/社媒","补 LinkedIn/团队页；补社区/社媒","官网: https://tandem.net/ | 官网: https://tandem.net/ | 官网: https://tandem.net/download | 官网: https://tandem.net/pages/press | 官网: https://www.sewayou.com/blog/hellotalk-vs-tandem-honest-comparison | App Store: https://apps.apple.com/ca/app/tandem-practice-languages/id959001619"
"Hilokal","相邻变体","5","displayable","可展示但待补","3","3","3","0","0","Exa news 结果返回 fun audio group calls、native speaker practice。","免费口语练习、音频社群。","多人音频房，把语言交换做成轻社交房间。","低","C 待补强","补 LinkedIn/团队页 | 补社区/社媒","补 LinkedIn/团队页；补社区/社媒","官网: https://www.hilokal.com/en | 官网: https://www.hilokal.com/en | 官网: https://www.hilokal.com/en/trainer | App Store: https://apps.apple.com/au/app/hilokal-ai-language-learning/id1537500613 | App Store: https://apps.apple.com/pk/app/language-exchange-with-hilokal/id1537500613 | App Store: https://apps.apple.com/us/app/hilokal-language-exchange-app/id1537500613"
"SewaYou","高度相似","8","displayable","可展示但待补","6","2","2","0","0","Exa company 结果返回 map-based friendship / in-person practice。","SEO 对比文、地图附近的人、语言学习场景。","地图找附近语伴，把语言交换推进到线下练习。","高","B 可展示","补 LinkedIn/团队页 | 补社区/社媒","补 LinkedIn/团队页；补社区/社媒","官网: https://sewayou.com/ | 对比文: https://www.sewayou.com/blog/best-language-exchange-apps-2026 | 官网: https://www.sewayou.com/ | 官网: https://www.sewayou.com/blog/best-language-exchange-apps-2026 | 官网: https://www.sewayou.com/blog/hellotalk-vs-tandem-honest-comparison | 官网: https://www.sewayou.com/en"
"Conversation Exchange","高度相似","8","displayable","可展示但待补","5","0","0","1","0","Exa company highlight 返回 face-to-face conversation、correspondence、text and voice chat。","老牌 SEO、语言学习社区。","把线上聊天、书信和面对面交换并列为核心模式。","高","B 可展示","补 App Store/Google Play | 补社区/社媒","补 App Store/Google Play；补社区/社媒","官网: https://conversationexchange.com/ | 官网: http://conversationexchange.com/index.php?lg=ru | 官网: https://tandem.net/ | 官网: https://www.conversationexchange.com/ | 官网: https://www.conversationexchange.com/advertise.php?lg=en | LinkedIn: https://linkedin.com/company/conversation-exchange"
"Talk4Now","相邻变体","5","thin","可展示但待补","9","0","0","0","0","Exa company 结果返回 2026 年成立、面向全球真人口语练习和多人语言房间。","语言房间、全球 learner/native speaker matching、官网 SEO。","create/join rooms by language，用实时多人语音降低开口门槛。","低","C 待补强","补 App Store/Google Play | 补 LinkedIn/团队页 | 补社区/社媒","补 App Store/Google Play；补 LinkedIn/团队页；补社区/社媒","官网: https://talk4now.com/ | 官网: https://talk4now.com/ | 官网: https://talk4now.com/about | 官网: https://talk4now.com/blog | 官网: https://talk4now.com/blog/talk4-now-vs-hello-talk-best-language-exchange-app-for-2026 | 官网: https://talk4now.com/forums"
"Linguado","相邻变体","5","ready","证据完整","1","3","3","1","0","Exa company 结果返回 proximity or worldwide native speaker linking，覆盖 250+ 国家/语言口径。","地理位置匹配、语言学习、旅行/文化交换。","附近或全球语伴匹配，兼顾旅行、文化交换和商业语言场景。","中","C 待补强","补社区/社媒","补社区/社媒","官网: https://linguado.com/ | App Store: https://apps.apple.com/bz/app/linguado/id1472635739 | App Store: https://apps.apple.com/gm/app/linguado/id1472635739 | App Store: https://apps.apple.com/us/app/linguado/id1472635739 | Google Play: https://play.google.com/store/apps/details?id=linguado.com.linguado&hl=en | Google Play: https://play.google.com/store/apps/details?id=linguado.com.linguado&hl=en_GB"
"meeTalk","边界/待补","4","ready","证据完整","4","0","1","1","0","Exa company 结果返回 native speaker matching、international friends、culture exploration。","全球聊天、兴趣/语言匹配、跨文化交友。","把 language exchange 和 global chat 合在一个社交消息平台。","低","C 待补强","补社区/社媒","补社区/社媒","官网: https://quiksa.com/ | 官网: https://apkpure.net/meetalk/com.meetalk/download | 官网: https://meetalk.net/privacy | 官网: https://tracxn.com/d/companies/meetalk/__6cB0uGopa3227ws54whTvL1yJS7OjBpPx976Se7Sa4Q | Google Play: https://play.google.com/store/apps/details?hl=en_IN&id=com.defenzy.meetalk | LinkedIn: https://linkedin.com/company/meetalkapp"
"LangPal","相邻变体","6","displayable","可展示但待补","4","5","0","0","0","Exa company 结果返回 AI-powered language learning、real-world fluency、conversation-based practice。","AI tutor/partner、会话式学习、应用商店/官网。","AI 辅助的实时会话练习，比传统 flashcard 更偏口语互动。","低","C 待补强","补 LinkedIn/团队页 | 补社区/社媒","补 LinkedIn/团队页；补社区/社媒","官网: https://lang-pal.com/ | 官网: https://langpal.ai/ | 官网: https://langpal.ai/teachers | 官网: https://www.langpal.com.hk/status | App Store: https://apps.apple.com/ae/app/langpal/id6738605496 | App Store: https://apps.apple.com/ie/app/langpal-screen-time-language/id6760652205"
"MatchaLingua","相邻变体","5","thin","可展示但待补","1","0","0","0","0","Exa company 结果返回 2026 年成立、near you language partners、in-person or virtual practice sessions。","本地语伴、文化发现、nearby discovery。","把附近语伴、文化体验、线下/线上练习并列为核心。","高","D 仅观察","补 App Store/Google Play | 补 LinkedIn/团队页 | 补社区/社媒","补 App Store/Google Play；补 LinkedIn/团队页；补社区/社媒","官网: https://matchalingua.com/"
"Slowly","相邻变体","5","displayable","可展示但待补","3","3","3","0","0","Exa news 结果返回 Google Play：以数字笔友和跨文化慢通信建立更深连接。","应用商店、笔友文化、慢社交。","反即时聊天，用延迟送达的信件模拟传统笔友关系。","低","C 待补强","补 LinkedIn/团队页 | 补社区/社媒","补 LinkedIn/团队页；补社区/社媒","Google Play: https://play.google.com/store/apps/details?id=com.slowlyapp&hl=id | 官网: https://slowly.app/ | 官网: https://slowly.app/blog/happy-6th-anniversary/ | 官网: https://slowly.app/release-notes-archive/ | App Store: https://apps.apple.com/dk/app/slowly-make-global-friends/id1199811908 | App Store: https://apps.apple.com/rs/app/slowly-make-global-friends/id1199811908"
"FluentPal","边界/待补","4","ready","证据完整","2","3","3","1","0","Exa company 结果返回 matched to a language partner、instant matching、personalized practice。","伙伴匹配、个性化练习、教育场景。","即时匹配语伴，同时加入动态会话、测验和反馈。","低","C 待补强","补社区/社媒","补社区/社媒","官网: https://fluentpal.net/ | 官网: https://fluentpal.net/ | App Store: https://apps.apple.com/de/app/fluentpal-get-fluent-faster/id6462874346?l=en-GB | App Store: https://apps.apple.com/us/app/fluentpal-get-fluent-faster/id6462874346 | App Store: https://apps.apple.com/us/app/fluentpal/id6462874346 | Google Play: https://play.google.com/store/apps/details?id=com.fluentai&hl=en_GB"
"RoamChat","高度相似","8","displayable","可展示但待补","5","0","0","0","1","2026-05 monitor 新增：PR Newswire 与 Exa follow-up 返回 RoamChat launched AI-powered roaming social，主打 global strangers real-time conversation。","PR Newswire 上线新闻、官网 SEO、实时地图和翻译场景。","live map + real-time voice + simultaneous translation，把跨语言陌生人聊天做成地图式全球社交。","低","B 可展示","补 App Store/Google Play | 补 LinkedIn/团队页","补 App Store/Google Play；补 LinkedIn/团队页","PR Newswire: https://www.prnewswire.com/news-releases/as-ai-is-redefining-how-strangers-connect-globally-roamchat-introduces-a-new-roaming-social-platform-302775994.html | 官网: https://roamchat.co/ | 官网: https://ai-watch.jp/english/51049/ | 官网: https://briefglance.com/articles/roamchats-ai-babel-fish-aims-to-connect-a-world-of-strangers | 官网: https://technode.global/prnasia/as-ai-is-redefining-how-strangers-connect-globally-roamchat-introduces-a-new-roaming-social-platform/ | 官网: https://www.billhartzer.com/social-media/roamchat-launches-globalmap/"
"Lingbe","相邻变体","6","displayable","可展示但待补","4","6","0","0","0","Exa discovery company 结果显示可随时与 native speakers 练习，并通过 rewards / special features 激励互动。","应用/官网、语言练习社区、奖励机制、native speaker matching。","即时真人语伴练习，强调 native speaker、学习者互连和朋友发现。","低","C 待补强","补 LinkedIn/团队页 | 补社区/社媒","补 LinkedIn/团队页；补社区/社媒","官网: https://lingbe.com/ | Exa discovery company result: https://lingbe.com/ | 官网: https://lingbe.com/ | 官网: https://www.lingbe.com/ | App Store: https://apps.apple.com/ca/app/lingbe/id1061633775 | App Store: https://apps.apple.com/gb/app/lingbe/id1061633775"
"SpeakyParrot","相邻变体","5","displayable","可展示但待补","6","0","0","1","0","Exa discovery company 结果显示 2024 年成立、提供互动练习和 native speaker live sessions。","官网 SEO、互动练习、native speaker live sessions。","语言学习平台叠加 live sessions，真人互动强于纯课程工具但社交网络证据仍弱。","低","C 待补强","补 App Store/Google Play | 补社区/社媒","补 App Store/Google Play；补社区/社媒","官网: https://speakyparrot.com/ | Exa discovery company result: https://speakyparrot.com/ | 官网: https://prospeo.io/c/speakyparrot-email-format | 官网: https://speakyparrot.com/ | 官网: https://speakyparrot.com/community | 官网: https://speakyparrot.com/help"
"Fluently","相邻变体","5","ready","证据完整","3","3","3","1","0","Exa discovery company 结果显示提供 live language exchange、free membership / early access 和 native speakers。","官网、early access、native speaker live exchange。","把 live language exchange 做成早期会员制产品，定位接近 Tandem/HelloTalk 的真人口语练习。","低","C 待补强","补社区/社媒","补社区/社媒","官网: https://fluently.chat/ | Exa discovery company result: https://fluently.chat/ | 官网: https://fluently.chat/ | App Store: https://apps.apple.com/br/app/fluently-ai-english-tutor/id6683289805?l=en-GB | App Store: https://apps.apple.com/cy/app/fluently-ai-english-tutor/id6683289805 | App Store: https://apps.apple.com/us/app/fluently-ai-language-coach/id6478473109"
